Unnamed: 0,user_id,registration_date,initial_plan_type,trial_start_date,trial_end_date,first_paid_date,current_plan_type,churn_date,industry,company_size,acquisition_channel,days_active,first_active_week,first_active_month
0,1,2024-06-09,Trial,2024-06-09,2024-06-23,,Churned,2024-07-18,Tech,1-10,Organic,6,24,6
1,2,2025-04-22,Trial,2025-04-22,2025-05-06,,Churned,2025-06-17,Tech,500+,Referral,14,18,5
2,3,2024-03-26,Trial,2024-03-26,2024-04-09,,Churned,2024-05-13,Healthcare,201-500,Paid Ads,11,13,3
3,4,2025-05-14,Trial,2025-05-14,2025-05-28,,Churned,2025-06-07,Healthcare,1-10,Partner,10,20,5
4,5,2024-09-28,Free,2024-09-28,2024-10-12,2025-04-03,Cancelled,2025-03-12,Education,11-50,Referral,7,42,10
5,6,2025-01-26,Trial,2025-01-26,2025-02-09,,Churned,2025-02-27,Tech,1-10,Paid Ads,7,5,2
6,7,2025-07-29,Trial,2025-07-29,2025-08-12,,Churned,2025-09-16,Tech,11-50,Event,8,32,8
7,8,2025-10-04,Trial,2025-10-04,2025-10-18,2053-02-18,Free,2025-10-23,Retail,1-10,Organic,8,40,10
8,9,2024-11-27,Paid,2024-11-27,2024-12-11,2024-11-27,Churned,2025-07-30,Retail,51-200,Partner,7,48,12
9,10,2024-03-15,Trial,2024-03-15,2024-03-29,,Churned,2024-04-26,Healthcare,51-200,Event,10,12,3
10,11,2024-04-14,Trial,2024-04-14,2024-04-28,,Churned,2024-05-08,Healthcare,1-10,Organic,5,16,4
11,12,2024-12-31,Trial,2024-12-31,2025-01-14,,Churned,2025-02-14,Retail,201-500,Paid Ads,8,1,1
12,13,2024-07-01,Trial,2024-07-01,2024-07-15,,Churned,2024-08-04,Finance,201-500,Paid Ads,9,27,7
13,14,2025-02-01,Trial,2025-02-01,2025-02-15,,Churned,2025-09-14,Tech,51-200,Organic,13,7,2
14,15,2025-06-01,Trial,2025-06-01,2025-06-15,,Churned,2025-07-02,Finance,500+,Organic,8,23,6
15,16,2024-08-31,Trial,2024-08-31,2024-09-14,,Churned,2024-10-08,Finance,500+,Partner,7,36,9
16,17,2024-08-25,Trial,2024-08-25,2024-09-08,,Churned,2024-10-23,Retail,51-200,Paid Ads,11,35,8
17,18,2024-06-21,Trial,2024-06-21,2024-07-05,2051-11-06,Free,2024-08-15,Retail,51-200,Paid Ads,8,26,6
18,19,2024-07-24,Trial,2024-07-24,2024-08-07,,Churned,2024-08-25,Healthcare,500+,Referral,8,30,7
19,20,2024-03-13,Trial,2024-03-13,2024-03-27,,Churned,2024-12-28,Retail,1-10,Event,12,12,3
20,21,2024-10-18,Free,2024-10-18,2024-11-01,2025-03-13,Churned,2025-03-21,Retail,500+,Paid Ads,7,43,10
21,22,2024-09-17,Trial,2024-09-17,2024-10-01,2052-02-02,Free,2024-10-14,Education,1-10,Referral,8,38,9
22,23,2025-06-22,Free,2025-06-22,2025-07-06,2025-11-30,Cancelled,2025-08-30,Finance,201-500,Organic,10,26,6
23,24,2025-05-05,Trial,2025-05-05,2025-05-19,,Churned,2025-06-14,Tech,500+,Organic,5,20,5
24,25,2025-10-26,Trial,2025-10-26,2025-11-09,,Churned,2026-05-21,Tech,500+,Paid Ads,18,44,10
25,26,2024-01-13,Trial,2024-01-13,2024-01-27,,Churned,2024-01-28,Tech,51-200,Partner,9,2,1
26,27,2025-05-21,Trial,2025-05-21,2025-06-04,2052-10-05,Churned,2025-06-15,Finance,11-50,Event,11,21,5
27,28,2024-09-18,Trial,2024-09-18,2024-10-02,,Churned,2024-11-07,Healthcare,1-10,Organic,6,41,10
28,29,2024-08-27,Free,2024-08-27,2024-09-10,2025-02-12,Churned,2025-04-26,Healthcare,11-50,Organic,6,35,8
29,30,2025-04-06,Paid,2025-04-06,2025-04-20,2025-04-06,Pro,2025-08-04,Education,1-10,Organic,10,16,4
30,31,2024-02-20,Trial,2024-02-20,2024-03-05,,Churned,2024-04-10,Retail,51-200,Organic,11,8,2
31,32,2024-12-15,Trial,2024-12-15,2024-12-29,2052-05-01,Free,2025-01-06,Retail,201-500,Event,6,51,12
32,33,2024-09-20,Trial,2024-09-20,2024-10-04,,Churned,2024-10-11,Education,1-10,Paid Ads,10,38,9
33,34,2024-06-12,Trial,2024-06-12,2024-06-26,,Churned,2024-08-07,Healthcare,51-200,Partner,7,27,7
34,35,2025-11-12,Trial,2025-11-12,2025-11-26,,Churned,2026-01-04,Retail,500+,Referral,14,46,11
35,36,2024-04-04,Trial,2024-04-04,2024-04-18,2051-08-20,Cancelled,2024-05-07,Education,11-50,Organic,10,14,4
36,37,2025-10-30,Trial,2025-10-30,2025-11-13,,Churned,2025-11-29,Tech,500+,Paid Ads,13,44,10
37,38,2024-12-24,Trial,2024-12-24,2025-01-07,,Churned,2025-02-15,Retail,1-10,Referral,9,1,1
38,39,2025-10-10,Paid,2025-10-10,2025-10-24,2025-10-10,Churned,2026-05-11,Finance,1-10,Partner,7,42,10
39,40,2024-11-21,Trial,2024-11-21,2024-12-05,,Churned,2024-12-17,Healthcare,201-500,Event,7,47,11
40,41,2024-07-20,Trial,2024-07-20,2024-08-03,2051-12-05,Cancelled,2024-08-04,Finance,11-50,Referral,10,29,7
41,42,2025-04-23,Trial,2025-04-23,2025-05-07,,Churned,2026-01-28,Finance,201-500,Event,10,18,4
42,43,2025-01-13,Free,2025-01-13,2025-01-27,2025-05-15,Free,2025-10-23,Education,51-200,Paid Ads,9,4,1
43,44,2025-10-06,Trial,2025-10-06,2025-10-20,2053-02-20,Churned,2025-12-05,Healthcare,201-500,Organic,9,41,10
44,45,2025-06-18,Free,2025-06-18,2025-07-02,2025-10-27,Free,2026-03-27,Retail,500+,Paid Ads,9,25,6
45,46,2025-02-25,Trial,2025-02-25,2025-03-11,,Churned,2025-10-02,Retail,11-50,Event,16,12,3
46,47,2025-01-01,Paid,2025-01-01,2025-01-15,2025-01-01,Pro,2025-04-09,Education,51-200,Paid Ads,7,3,1
47,48,2025-04-30,Trial,2025-04-30,2025-05-14,,Churned,2025-06-23,Retail,51-200,Organic,7,19,5
48,49,2024-01-03,Free,2024-01-03,2024-01-17,2024-05-23,Free,2024-03-07,Tech,1-10,Organic,8,1,1
49,50,2025-05-05,Trial,2025-05-05,2025-05-19,,Churned,2025-12-21,Retail,500+,Partner,6,20,5
50,51,2024-04-06,Free,2024-04-06,2024-04-20,2024-08-07,Churned,2024-10-04,Tech,11-50,Event,8,18,5
51,52,2024-03-20,Trial,2024-03-20,2024-04-03,,Churned,2024-12-20,Retail,500+,Referral,12,13,3
52,53,2024-11-13,Free,2024-11-13,2024-11-27,2025-03-26,Churned,2025-07-03,Tech,51-200,Referral,5,47,11
53,54,2024-08-06,Trial,2024-08-06,2024-08-20,,Churned,2024-09-13,Finance,1-10,Referral,10,32,8
54,55,2024-03-13,Trial,2024-03-13,2024-03-27,,Churned,2024-04-08,Healthcare,1-10,Paid Ads,6,12,3
55,56,2025-03-11,Trial,2025-03-11,2025-03-25,2052-07-26,Cancelled,2025-04-14,Retail,11-50,Paid Ads,11,11,3
56,57,2025-08-21,Paid,2025-08-21,2025-09-04,2025-08-21,Cancelled,2026-01-04,Tech,11-50,Partner,6,37,9
57,58,2024-01-14,Paid,2024-01-14,2024-01-28,2024-01-14,Pro,2024-04-24,Finance,11-50,Event,6,3,1
58,59,2024-05-29,Trial,2024-05-29,2024-06-12,,Churned,2024-06-25,Healthcare,11-50,Referral,12,22,6
59,60,2025-11-16,Trial,2025-11-16,2025-11-30,,Churned,2025-12-22,Finance,51-200,Referral,9,47,11
60,61,2024-06-07,Trial,2024-06-07,2024-06-21,2051-10-23,Churned,2024-07-28,Finance,51-200,Paid Ads,10,24,6
61,62,2025-05-29,Trial,2025-05-29,2025-06-12,2052-10-13,Cancelled,2025-06-26,Tech,11-50,Organic,9,23,6
62,63,2025-06-13,Trial,2025-06-13,2025-06-27,,Churned,2025-07-18,Education,201-500,Partner,9,24,6
63,64,2024-09-25,Free,2024-09-25,2024-10-09,2025-03-20,Cancelled,2024-11-15,Finance,11-50,Partner,11,39,9
64,65,2025-04-12,Trial,2025-04-12,2025-04-26,,Churned,2026-01-08,Retail,201-500,Partner,8,21,5
65,66,2024-11-15,Trial,2024-11-15,2024-11-29,,Churned,2024-12-30,Retail,11-50,Paid Ads,10,47,11
66,67,2024-05-26,Trial,2024-05-26,2024-06-09,2051-10-11,Cancelled,2024-07-06,Tech,11-50,Event,4,21,5
67,68,2024-10-29,Paid,2024-10-29,2024-11-12,2024-10-29,Pro,2025-10-04,Healthcare,201-500,Partner,10,48,11
68,69,2025-12-11,Paid,2025-12-11,2025-12-25,2025-12-11,Cancelled,2026-06-25,Finance,1-10,Organic,9,50,12
69,70,2024-03-18,Free,2024-03-18,2024-04-01,2024-08-13,Cancelled,2024-11-04,Finance,201-500,Paid Ads,6,14,4
70,71,2025-06-16,Trial,2025-06-16,2025-06-30,,Churned,2025-07-21,Finance,500+,Event,12,25,6
71,72,2024-02-08,Paid,2024-02-08,2024-02-22,2024-02-08,Churned,2024-12-22,Finance,11-50,Partner,11,8,2
72,73,2025-03-04,Paid,2025-03-04,2025-03-18,2025-03-04,Pro,2025-06-27,Education,500+,Paid Ads,13,10,3
73,74,2025-01-06,Trial,2025-01-06,2025-01-20,,Churned,2025-02-23,Education,51-200,Organic,6,2,1
74,75,2024-11-30,Trial,2024-11-30,2024-12-14,,Churned,2025-01-10,Tech,51-200,Event,8,48,11
75,76,2025-10-14,Trial,2025-10-14,2025-10-28,2053-02-28,Cancelled,2025-11-21,Healthcare,11-50,Paid Ads,16,42,10
76,77,2024-01-24,Free,2024-01-24,2024-02-07,2024-06-04,Churned,2024-03-29,Healthcare,201-500,Event,10,5,1
77,78,2025-11-21,Trial,2025-11-21,2025-12-05,,Churned,2026-07-01,Finance,1-10,Partner,9,48,11
78,79,2024-09-19,Trial,2024-09-19,2024-10-03,2052-02-04,Churned,2024-11-05,Finance,11-50,Paid Ads,7,38,9
79,80,2024-04-20,Trial,2024-04-20,2024-05-04,,Churned,2024-05-16,Healthcare,201-500,Event,7,17,4
80,81,2024-05-26,Trial,2024-05-26,2024-06-09,,Churned,2025-03-02,Finance,51-200,Organic,14,21,5
81,82,2024-03-23,Trial,2024-03-23,2024-04-06,,Churned,2024-05-11,Tech,1-10,Paid Ads,11,12,3
82,83,2025-12-23,Trial,2025-12-23,2026-01-06,,Churned,2026-02-08,Finance,11-50,Organic,7,52,12
83,84,2025-12-02,Trial,2025-12-02,2025-12-16,,Churned,2026-09-19,Education,500+,Organic,7,49,12
84,85,2025-06-02,Trial,2025-06-02,2025-06-16,,Churned,2025-06-27,Education,11-50,Event,7,23,6
85,86,2024-09-22,Trial,2024-09-22,2024-10-06,2052-02-07,Free,2024-11-20,Finance,1-10,Paid Ads,8,39,9
86,87,2024-12-25,Trial,2024-12-25,2025-01-08,,Churned,2025-02-15,Retail,11-50,Organic,5,1,1
87,88,2024-02-29,Trial,2024-02-29,2024-03-14,,Churned,2024-04-18,Healthcare,500+,Partner,11,10,3
88,89,2025-06-23,Trial,2025-06-23,2025-07-07,,Churned,2026-03-24,Healthcare,201-500,Referral,9,26,6
89,90,2025-10-15,Trial,2025-10-15,2025-10-29,,Churned,2025-12-08,Tech,51-200,Event,6,43,10
90,91,2024-12-14,Trial,2024-12-14,2024-12-28,2052-04-30,Churned,2025-01-28,Education,51-200,Referral,4,51,12
91,92,2025-12-23,Free,2025-12-23,2026-01-06,2026-04-12,Churned,2026-02-14,Retail,11-50,Partner,4,52,12
92,93,2025-04-04,Trial,2025-04-04,2025-04-18,,Churned,2025-05-16,Healthcare,1-10,Referral,5,14,4
93,94,2024-07-06,Trial,2024-07-06,2024-07-20,,Churned,2024-08-31,Retail,201-500,Paid Ads,10,27,7
94,95,2024-12-19,Trial,2024-12-19,2025-01-02,2052-05-05,Cancelled,2025-02-04,Retail,201-500,Organic,4,51,12
95,96,2025-02-11,Free,2025-02-11,2025-02-25,2025-05-25,Churned,2025-06-06,Tech,51-200,Paid Ads,11,7,2
96,97,2024-04-16,Paid,2024-04-16,2024-04-30,2024-04-16,Cancelled,2024-07-22,Tech,51-200,Referral,15,16,4
97,98,2024-08-17,Paid,2024-08-17,2024-08-31,2024-08-17,Cancelled,2024-11-23,Education,1-10,Referral,13,34,8
98,99,2024-05-24,Trial,2024-05-24,2024-06-07,,Churned,2024-06-27,Tech,201-500,Partner,4,23,6
99,100,2025-04-17,Free,2025-04-17,2025-05-01,2025-07-30,Free,2025-08-19,Healthcare,1-10,Partner,13,16,4
100,101,2024-03-23,Free,2024-03-23,2024-04-06,2024-09-03,Churned,2024-11-05,Tech,1-10,Event,11,14,4
101,102,2024-04-19,Trial,2024-04-19,2024-05-03,,Churned,2024-06-01,Healthcare,11-50,Event,9,16,4
102,103,2024-02-28,Trial,2024-02-28,2024-03-13,,Churned,2024-04-01,Education,1-10,Event,8,9,3
103,104,2025-03-08,Trial,2025-03-08,2025-03-22,,Churned,2025-10-11,Tech,500+,Event,6,12,3
104,105,2025-04-11,Trial,2025-04-11,2025-04-25,,Churned,2026-01-15,Retail,51-200,Paid Ads,10,20,5
105,106,2025-03-25,Trial,2025-03-25,2025-04-08,,Churned,2025-05-18,Finance,51-200,Referral,5,15,4
106,107,2024-08-26,Trial,2024-08-26,2024-09-09,,Churned,2024-09-15,Education,201-500,Organic,9,35,8
107,108,2025-04-09,Trial,2025-04-09,2025-04-23,,Churned,2025-05-08,Finance,500+,Referral,9,15,4
108,109,2025-11-14,Free,2025-11-14,2025-11-28,2026-05-06,Free,2026-03-28,Finance,11-50,Referral,6,46,11
109,110,2025-11-21,Trial,2025-11-21,2025-12-05,,Churned,2026-01-06,Healthcare,11-50,Event,12,48,11
110,111,2025-03-25,Trial,2025-03-25,2025-04-08,2052-08-09,Cancelled,2025-05-02,Healthcare,11-50,Partner,8,14,4
111,112,2024-07-16,Trial,2024-07-16,2024-07-30,,Churned,2024-09-01,Retail,51-200,Referral,12,29,7
112,113,2025-04-07,Trial,2025-04-07,2025-04-21,,Churned,2025-06-05,Finance,500+,Event,5,16,4
113,114,2025-08-04,Paid,2025-08-04,2025-08-18,2025-08-04,Cancelled,2026-03-16,Retail,1-10,Organic,8,33,8
114,115,2024-12-31,Trial,2024-12-31,2025-01-14,,Churned,2025-01-15,Retail,51-200,Event,10,1,1
115,116,2025-11-25,Trial,2025-11-25,2025-12-09,2025-12-11,Basic,2026-09-18,Finance,1-10,Paid Ads,6,48,11
116,117,2025-10-06,Free,2025-10-06,2025-10-20,2026-04-13,Free,2026-01-14,Retail,1-10,Referral,13,41,10
117,118,2024-05-12,Paid,2024-05-12,2024-05-26,2024-05-12,Basic,2024-10-03,Tech,51-200,Event,9,21,5
118,119,2025-03-31,Trial,2025-03-31,2025-04-14,,Churned,2025-04-17,Education,500+,Event,9,14,3
119,120,2025-05-14,Trial,2025-05-14,2025-05-28,,Churned,2025-06-22,Finance,11-50,Event,18,20,5
120,121,2025-02-05,Trial,2025-02-05,2025-02-19,2052-06-22,Cancelled,2025-03-20,Retail,1-10,Partner,7,7,2
121,122,2024-01-27,Trial,2024-01-27,2024-02-10,,Churned,2024-02-27,Retail,1-10,Referral,9,4,1
122,123,2024-10-17,Free,2024-10-17,2024-10-31,2025-04-19,Churned,2024-12-08,Education,51-200,Partner,10,42,10
123,124,2025-07-01,Trial,2025-07-01,2025-07-15,2052-11-15,Free,2025-07-25,Finance,51-200,Partner,7,27,7
124,125,2024-11-19,Trial,2024-11-19,2024-12-03,,Churned,2024-12-12,Tech,1-10,Event,7,47,11
125,126,2024-01-13,Trial,2024-01-13,2024-01-27,2051-05-30,Cancelled,2024-02-29,Retail,51-200,Event,11,2,1
126,127,2025-09-07,Trial,2025-09-07,2025-09-21,,Churned,2025-10-31,Healthcare,201-500,Partner,17,36,9
127,128,2025-03-23,Trial,2025-03-23,2025-04-06,,Churned,2025-04-14,Education,1-10,Partner,8,13,3
128,129,2025-01-09,Free,2025-01-09,2025-01-23,2025-07-21,Cancelled,2025-04-04,Education,500+,Referral,16,3,1
129,130,2025-03-30,Trial,2025-03-30,2025-04-13,2052-08-14,Cancelled,2025-05-10,Retail,11-50,Referral,6,14,4
130,131,2025-03-15,Trial,2025-03-15,2025-03-29,2052-07-30,Cancelled,2025-05-13,Education,51-200,Partner,7,12,3
131,132,2025-01-26,Paid,2025-01-26,2025-02-09,2025-01-26,Cancelled,2025-10-12,Healthcare,51-200,Paid Ads,11,11,3
132,133,2025-07-29,Trial,2025-07-29,2025-08-12,,Churned,2025-09-07,Retail,500+,Referral,8,31,7
133,134,2024-08-31,Trial,2024-08-31,2024-09-14,,Churned,2025-03-26,Retail,1-10,Organic,11,36,9
134,135,2025-09-13,Trial,2025-09-13,2025-09-27,,Churned,2026-05-27,Finance,1-10,Partner,12,38,9
135,136,2024-09-15,Trial,2024-09-15,2024-09-29,,Churned,2024-11-13,Retail,201-500,Organic,13,38,9
136,137,2024-02-20,Paid,2024-02-20,2024-03-05,2024-02-20,Basic,2024-05-20,Education,201-500,Event,8,9,2
137,138,2024-12-26,Trial,2024-12-26,2025-01-09,,Churned,2025-02-21,Finance,500+,Paid Ads,5,52,12
138,139,2024-04-12,Paid,2024-04-12,2024-04-26,2024-04-12,Pro,2024-11-24,Education,51-200,Paid Ads,8,29,7
139,140,2025-10-03,Free,2025-10-03,2025-10-17,2026-04-21,Free,2026-05-12,Finance,11-50,Partner,10,41,10
140,141,2024-04-25,Trial,2024-04-25,2024-05-09,,Churned,2024-06-09,Retail,51-200,Referral,8,17,4
141,142,2025-03-26,Free,2025-03-26,2025-04-09,2025-10-02,Cancelled,2025-05-05,Tech,51-200,Paid Ads,11,14,4
142,143,2025-08-22,Free,2025-08-22,2025-09-05,2026-02-01,Churned,2026-01-13,Finance,201-500,Paid Ads,15,34,8
143,144,2025-11-03,Trial,2025-11-03,2025-11-17,,Churned,2025-12-29,Tech,201-500,Paid Ads,7,45,11
144,145,2025-09-29,Free,2025-09-29,2025-10-13,2026-03-04,Churned,2026-02-19,Finance,11-50,Organic,10,40,10
145,146,2024-05-08,Free,2024-05-08,2024-05-22,2024-08-19,Churned,2025-01-16,Education,11-50,Event,13,22,6
146,147,2024-02-09,Trial,2024-02-09,2024-02-23,,Churned,2024-03-30,Finance,51-200,Organic,11,6,2
147,148,2024-11-13,Free,2024-11-13,2024-11-27,2025-03-26,Free,2025-06-20,Healthcare,201-500,Referral,4,1,1
148,149,2024-09-14,Trial,2024-09-14,2024-09-28,,Churned,2025-07-10,Retail,51-200,Referral,6,37,9
149,150,2025-06-06,Free,2025-06-06,2025-06-20,2025-11-28,Churned,2025-12-27,Finance,201-500,Paid Ads,9,27,7
150,151,2025-03-30,Trial,2025-03-30,2025-04-13,,Churned,2025-05-22,Retail,11-50,Paid Ads,7,15,4
151,152,2025-04-12,Paid,2025-04-12,2025-04-26,2025-04-12,Cancelled,2025-12-14,Tech,11-50,Organic,12,25,6
152,153,2024-03-21,Trial,2024-03-21,2024-04-04,,Churned,2024-04-08,Retail,201-500,Partner,7,12,3
153,154,2024-06-09,Paid,2024-06-09,2024-06-23,2024-06-09,Pro,2024-12-09,Tech,1-10,Event,18,24,6
154,155,2025-03-12,Paid,2025-03-12,2025-03-26,2025-03-12,Basic,2026-01-25,Healthcare,1-10,Event,11,12,3
155,156,2024-01-15,Free,2024-01-15,2024-01-29,2024-06-01,Churned,2024-05-25,Education,11-50,Organic,8,6,2
156,157,2024-07-20,Free,2024-07-20,2024-08-03,2025-01-29,Cancelled,2024-12-13,Retail,1-10,Organic,5,33,8
157,158,2025-06-19,Trial,2025-06-19,2025-07-03,2052-11-03,Cancelled,2025-08-18,Education,201-500,Event,12,25,6
158,159,2025-12-21,Trial,2025-12-21,2026-01-04,2053-05-07,Cancelled,2026-01-20,Finance,51-200,Referral,5,52,12
159,160,2025-09-30,Trial,2025-09-30,2025-10-14,,Churned,2025-10-27,Education,51-200,Event,11,40,9
160,161,2025-03-18,Free,2025-03-18,2025-04-01,2025-09-15,Cancelled,2025-08-31,Education,11-50,Organic,10,12,3
161,162,2024-07-01,Trial,2024-07-01,2024-07-15,,Churned,2024-08-12,Healthcare,201-500,Partner,8,27,7
162,163,2024-12-19,Free,2024-12-19,2025-01-02,2025-04-16,Churned,2025-01-30,Tech,51-200,Referral,12,51,12
163,164,2025-01-26,Trial,2025-01-26,2025-02-09,,Churned,2025-11-16,Tech,51-200,Referral,14,5,1
164,165,2025-02-28,Free,2025-02-28,2025-03-14,2025-08-05,Free,2025-12-17,Healthcare,51-200,Event,16,10,3
165,166,2025-01-30,Trial,2025-01-30,2025-02-13,,Churned,2025-03-10,Healthcare,1-10,Partner,7,5,1
166,167,2024-08-27,Trial,2024-08-27,2024-09-10,,Churned,2024-10-10,Retail,1-10,Event,11,35,8
167,168,2024-11-02,Free,2024-11-02,2024-11-16,2025-04-18,Cancelled,2025-03-08,Healthcare,201-500,Partner,6,51,12
168,169,2024-07-25,Trial,2024-07-25,2024-08-08,2051-12-10,Cancelled,2024-09-12,Education,51-200,Paid Ads,7,30,7
169,170,2024-09-08,Free,2024-09-08,2024-09-22,2025-01-13,Free,2024-11-16,Retail,201-500,Event,6,38,9
170,171,2025-03-06,Trial,2025-03-06,2025-03-20,,Churned,2025-05-02,Tech,11-50,Paid Ads,8,12,3
171,172,2025-06-11,Paid,2025-06-11,2025-06-25,2025-06-11,Pro,2025-12-20,Education,51-200,Event,12,30,7
172,173,2025-07-05,Trial,2025-07-05,2025-07-19,2052-11-19,Churned,2025-08-02,Tech,11-50,Paid Ads,6,27,7
173,174,2024-06-25,Free,2024-06-25,2024-07-09,2024-12-13,Cancelled,2024-12-25,Retail,51-200,Paid Ads,5,31,8
174,175,2024-08-20,Trial,2024-08-20,2024-09-03,,Churned,2024-10-02,Healthcare,51-200,Referral,10,34,8
175,176,2024-10-02,Trial,2024-10-02,2024-10-16,,Churned,2024-10-21,Tech,500+,Event,9,40,10
176,177,2024-05-16,Free,2024-05-16,2024-05-30,2024-09-11,Cancelled,2024-12-29,Healthcare,51-200,Organic,12,21,5
177,178,2025-01-03,Free,2025-01-03,2025-01-17,2025-06-16,Free,2025-07-19,Finance,500+,Partner,10,2,1
178,179,2024-03-24,Free,2024-03-24,2024-04-07,2024-08-17,Free,2024-05-10,Healthcare,11-50,Referral,6,13,3
179,180,2025-07-16,Free,2025-07-16,2025-07-30,2025-10-25,Free,2026-05-12,Retail,500+,Event,9,30,7
180,181,2024-07-03,Trial,2024-07-03,2024-07-17,,Churned,2024-08-07,Education,51-200,Referral,9,27,7
181,182,2025-12-11,Trial,2025-12-11,2025-12-25,,Churned,2026-01-02,Finance,1-10,Organic,9,50,12
182,183,2025-08-09,Trial,2025-08-09,2025-08-23,2025-08-28,Pro,2026-05-21,Finance,1-10,Referral,9,32,8
183,184,2024-01-31,Paid,2024-01-31,2024-02-14,2024-01-31,Churned,2024-04-14,Education,500+,Referral,9,5,1
184,185,2024-05-14,Trial,2024-05-14,2024-05-28,2051-09-29,Churned,2024-06-22,Healthcare,1-10,Referral,7,20,5
185,186,2025-07-26,Free,2025-07-26,2025-08-09,2025-11-18,Cancelled,2026-03-11,Finance,1-10,Organic,10,33,8
186,187,2024-08-10,Trial,2024-08-10,2024-08-24,,Churned,2024-10-06,Education,51-200,Event,10,33,8
187,188,2025-03-17,Paid,2025-03-17,2025-03-31,2025-03-17,Pro,2026-02-26,Healthcare,11-50,Partner,9,15,4
188,189,2025-11-06,Trial,2025-11-06,2025-11-20,,Churned,2026-06-09,Healthcare,500+,Paid Ads,13,47,11
189,190,2025-02-27,Trial,2025-02-27,2025-03-13,,Churned,2025-04-16,Education,51-200,Paid Ads,9,9,2
190,191,2025-10-26,Trial,2025-10-26,2025-11-09,,Churned,2025-11-27,Healthcare,500+,Event,4,45,11
191,192,2025-03-09,Paid,2025-03-09,2025-03-23,2025-03-09,Pro,2025-05-23,Tech,201-500,Event,9,13,3
192,193,2024-12-08,Trial,2024-12-08,2024-12-22,2052-04-24,Churned,2025-01-13,Healthcare,201-500,Referral,10,50,12
193,194,2025-09-24,Trial,2025-09-24,2025-10-08,2053-02-08,Churned,2025-10-17,Retail,201-500,Paid Ads,7,39,9
194,195,2025-03-03,Paid,2025-03-03,2025-03-17,2025-03-03,Basic,2025-08-27,Finance,201-500,Partner,4,26,6
195,196,2025-02-13,Trial,2025-02-13,2025-02-27,,Churned,2025-03-22,Education,11-50,Organic,5,8,2
196,197,2024-08-18,Trial,2024-08-18,2024-09-01,,Churned,2024-10-15,Tech,201-500,Organic,10,34,8
197,198,2024-03-17,Trial,2024-03-17,2024-03-31,,Churned,2024-04-17,Healthcare,11-50,Referral,11,12,3
198,199,2024-03-16,Trial,2024-03-16,2024-03-30,,Churned,2024-04-25,Education,51-200,Paid Ads,8,11,3
199,200,2024-08-21,Trial,2024-08-21,2024-09-04,2052-01-06,Free,2024-10-20,Finance,201-500,Event,7,35,8
200,201,2024-11-13,Trial,2024-11-13,2024-11-27,,Churned,2024-12-01,Education,1-10,Paid Ads,7,46,11
201,202,2024-01-15,Free,2024-01-15,2024-01-29,2024-05-31,Free,2024-03-23,Finance,1-10,Referral,6,3,1
202,203,2024-06-04,Trial,2024-06-04,2024-06-18,,Churned,2024-06-28,Healthcare,1-10,Referral,7,23,6
203,204,2025-04-20,Free,2025-04-20,2025-05-04,2025-09-09,Churned,2025-06-18,Finance,11-50,Paid Ads,8,17,4
204,205,2024-11-14,Trial,2024-11-14,2024-11-28,,Churned,2024-12-01,Retail,1-10,Partner,9,46,11
205,206,2024-05-04,Trial,2024-05-04,2024-05-18,2051-09-19,Cancelled,2024-06-16,Healthcare,11-50,Event,9,20,5
206,207,2025-06-29,Trial,2025-06-29,2025-07-13,2052-11-13,Free,2025-07-28,Education,500+,Paid Ads,9,26,6
207,208,2025-01-26,Paid,2025-01-26,2025-02-09,2025-01-26,Pro,2026-01-10,Healthcare,500+,Partner,9,5,1
208,209,2024-10-12,Trial,2024-10-12,2024-10-26,,Churned,2024-12-02,Healthcare,1-10,Event,14,42,10
209,210,2025-07-07,Paid,2025-07-07,2025-07-21,2025-07-07,Cancelled,2026-02-20,Tech,11-50,Organic,12,28,7
210,211,2024-10-16,Trial,2024-10-16,2024-10-30,,Churned,2024-11-12,Tech,201-500,Event,9,42,10
211,212,2025-05-17,Trial,2025-05-17,2025-05-31,,Churned,2025-06-25,Healthcare,11-50,Partner,11,21,5
212,213,2024-02-28,Free,2024-02-28,2024-03-13,2024-07-13,Free,2024-08-09,Retail,11-50,Referral,10,9,3
213,214,2024-02-29,Paid,2024-02-29,2024-03-14,2024-02-29,Cancelled,2024-07-06,Tech,201-500,Partner,11,10,3
214,215,2025-06-12,Free,2025-06-12,2025-06-26,2025-11-17,Cancelled,2025-08-10,Tech,51-200,Referral,9,24,6
215,216,2025-04-22,Trial,2025-04-22,2025-05-06,,Churned,2025-06-01,Healthcare,51-200,Event,9,18,5
216,217,2024-09-27,Trial,2024-09-27,2024-10-11,,Churned,2025-05-06,Healthcare,51-200,Event,7,52,12
217,218,2025-10-25,Trial,2025-10-25,2025-11-08,,Churned,2025-11-10,Retail,11-50,Organic,6,43,10
218,219,2025-07-28,Trial,2025-07-28,2025-08-11,,Churned,2025-09-05,Retail,51-200,Event,7,31,8
219,220,2025-05-21,Trial,2025-05-21,2025-06-04,2052-10-05,Cancelled,2025-06-25,Retail,1-10,Event,7,21,5
220,221,2024-06-25,Free,2024-06-25,2024-07-09,2024-12-02,Cancelled,2024-12-28,Education,500+,Paid Ads,9,32,8
221,222,2024-11-29,Free,2024-11-29,2024-12-13,2025-04-01,Churned,2025-03-08,Healthcare,500+,Referral,11,48,11
222,223,2025-12-03,Trial,2025-12-03,2025-12-17,,Churned,2026-01-12,Retail,11-50,Referral,12,49,12
223,224,2024-12-26,Paid,2024-12-26,2025-01-09,2024-12-26,Cancelled,2025-04-13,Healthcare,500+,Event,12,52,12
224,225,2025-05-06,Free,2025-05-06,2025-05-20,2025-11-20,Cancelled,2025-09-18,Tech,1-10,Organic,7,23,6
225,226,2025-02-09,Trial,2025-02-09,2025-02-23,,Churned,2025-03-19,Tech,11-50,Event,7,6,2
226,227,2025-04-29,Trial,2025-04-29,2025-05-13,,Churned,2025-05-26,Tech,1-10,Referral,5,19,5
227,228,2025-08-26,Free,2025-08-26,2025-09-09,2026-02-22,Cancelled,2025-10-28,Retail,1-10,Organic,12,35,8
228,229,2024-08-04,Trial,2024-08-04,2024-08-18,2051-12-20,Free,2024-10-01,Healthcare,500+,Referral,11,32,8
229,230,2025-09-15,Trial,2025-09-15,2025-09-29,,Churned,2026-04-08,Retail,51-200,Paid Ads,9,38,9
230,231,2024-10-13,Trial,2024-10-13,2024-10-27,2024-10-28,Basic,2025-06-01,Tech,500+,Event,12,42,10
231,232,2024-06-21,Trial,2024-06-21,2024-07-05,2024-07-12,Basic,2025-04-17,Finance,51-200,Paid Ads,9,27,7
232,233,2025-07-30,Trial,2025-07-30,2025-08-13,,Churned,2025-09-28,Tech,201-500,Event,9,33,8
233,234,2025-02-11,Trial,2025-02-11,2025-02-25,,Churned,2025-04-07,Tech,500+,Event,8,8,2
234,235,2025-10-09,Trial,2025-10-09,2025-10-23,,Churned,2025-11-22,Education,201-500,Organic,6,42,10
235,236,2024-12-26,Trial,2024-12-26,2025-01-09,,Churned,2025-01-14,Retail,500+,Paid Ads,7,52,12
236,237,2025-01-16,Trial,2025-01-16,2025-01-30,,Churned,2025-02-25,Healthcare,11-50,Paid Ads,6,3,1
237,238,2025-02-21,Free,2025-02-21,2025-03-07,2025-08-08,Free,2025-10-11,Finance,500+,Paid Ads,13,9,2
238,239,2025-01-22,Trial,2025-01-22,2025-02-05,,Churned,2025-03-04,Finance,11-50,Paid Ads,6,5,1
239,240,2025-12-18,Paid,2025-12-18,2026-01-01,2025-12-18,Cancelled,2026-07-20,Retail,1-10,Paid Ads,7,51,12
240,241,2024-04-17,Trial,2024-04-17,2024-05-01,,Churned,2024-12-29,Education,1-10,Partner,14,17,4
241,242,2024-05-05,Trial,2024-05-05,2024-05-19,,Churned,2024-06-26,Finance,11-50,Referral,9,20,5
242,243,2024-09-26,Trial,2024-09-26,2024-10-10,,Churned,2024-10-21,Healthcare,51-200,Paid Ads,9,39,9
243,244,2024-02-28,Trial,2024-02-28,2024-03-13,,Churned,2024-03-30,Healthcare,201-500,Paid Ads,11,9,2
244,245,2024-08-25,Trial,2024-08-25,2024-09-08,,Churned,2024-10-02,Tech,11-50,Event,11,34,8
245,246,2025-10-05,Free,2025-10-05,2025-10-19,2026-04-08,Free,2026-02-25,Tech,201-500,Organic,14,41,10
246,247,2024-01-13,Paid,2024-01-13,2024-01-27,2024-01-13,Basic,2024-09-13,Tech,11-50,Organic,10,4,1
247,248,2025-12-23,Paid,2025-12-23,2026-01-06,2025-12-23,Basic,2026-07-13,Retail,51-200,Partner,6,52,12
248,249,2024-11-22,Trial,2024-11-22,2024-12-06,,Churned,2024-12-09,Retail,1-10,Organic,4,47,11
249,250,2024-08-19,Trial,2024-08-19,2024-09-02,,Churned,2025-03-21,Tech,11-50,Partner,10,37,9
250,251,2025-12-02,Trial,2025-12-02,2025-12-16,,Churned,2025-12-25,Healthcare,201-500,Paid Ads,7,49,12
251,252,2025-04-24,Trial,2025-04-24,2025-05-08,,Churned,2025-05-31,Education,201-500,Event,8,18,4
252,253,2024-08-23,Trial,2024-08-23,2024-09-06,,Churned,2024-09-30,Tech,500+,Organic,6,35,8
253,254,2024-04-03,Trial,2024-04-03,2024-04-17,2051-08-19,Free,2024-05-23,Retail,51-200,Organic,9,15,4
254,255,2025-02-18,Trial,2025-02-18,2025-03-04,,Churned,2025-03-21,Healthcare,51-200,Paid Ads,13,8,2
255,256,2024-10-24,Trial,2024-10-24,2024-11-07,2052-03-10,Cancelled,2024-11-27,Finance,51-200,Partner,9,43,10
256,257,2025-07-03,Trial,2025-07-03,2025-07-17,,Churned,2025-08-21,Finance,500+,Partner,9,27,7
257,258,2024-11-10,Trial,2024-11-10,2024-11-24,,Churned,2024-12-23,Finance,201-500,Paid Ads,12,46,11
258,259,2024-06-07,Trial,2024-06-07,2024-06-21,,Churned,2024-07-29,Retail,1-10,Partner,12,23,6
259,260,2025-06-08,Paid,2025-06-08,2025-06-22,2025-06-08,Cancelled,2026-05-12,Finance,1-10,Organic,9,24,6
260,261,2025-12-02,Free,2025-12-02,2025-12-16,2026-03-27,Free,2026-04-29,Retail,11-50,Referral,6,49,12
261,262,2025-10-30,Trial,2025-10-30,2025-11-13,,Churned,2025-12-27,Retail,51-200,Partner,10,45,11
262,263,2025-02-25,Trial,2025-02-25,2025-03-11,2052-07-12,Free,2025-04-01,Retail,11-50,Partner,5,9,2
263,264,2024-08-10,Trial,2024-08-10,2024-08-24,,Churned,2025-04-02,Retail,500+,Organic,8,33,8
264,265,2025-11-30,Free,2025-11-30,2025-12-14,2026-06-06,Churned,2026-09-24,Retail,51-200,Organic,8,48,11
265,266,2025-08-01,Trial,2025-08-01,2025-08-15,,Churned,2025-09-08,Retail,1-10,Event,10,32,8
266,267,2025-03-08,Trial,2025-03-08,2025-03-22,,Churned,2025-10-28,Tech,500+,Event,6,11,3
267,268,2024-02-10,Free,2024-02-10,2024-02-24,2024-07-01,Cancelled,2024-10-18,Healthcare,11-50,Referral,6,19,5
268,269,2024-01-06,Trial,2024-01-06,2024-01-20,,Churned,2024-02-10,Healthcare,201-500,Partner,11,1,1
269,270,2025-01-26,Paid,2025-01-26,2025-02-09,2025-01-26,Pro,2025-06-30,Finance,51-200,Paid Ads,10,4,1
270,271,2025-01-27,Trial,2025-01-27,2025-02-10,,Churned,2025-02-28,Tech,1-10,Paid Ads,8,5,1
271,272,2025-11-21,Free,2025-11-21,2025-12-05,2026-04-18,Churned,2026-05-11,Tech,51-200,Partner,6,47,11
272,273,2025-01-12,Trial,2025-01-12,2025-01-26,,Churned,2025-02-12,Tech,51-200,Event,8,3,1
273,274,2025-01-20,Trial,2025-01-20,2025-02-03,,Churned,2025-03-01,Finance,11-50,Referral,11,4,1
274,275,2025-07-29,Trial,2025-07-29,2025-08-12,,Churned,2025-09-06,Tech,1-10,Referral,10,31,7
275,276,2024-11-28,Trial,2024-11-28,2024-12-12,,Churned,2025-01-04,Education,500+,Organic,8,48,11
276,277,2025-02-03,Trial,2025-02-03,2025-02-17,,Churned,2025-02-25,Education,11-50,Partner,7,6,2
277,278,2025-01-19,Trial,2025-01-19,2025-02-02,,Churned,2025-02-07,Education,51-200,Partner,5,4,1
278,279,2025-11-24,Trial,2025-11-24,2025-12-08,,Churned,2026-01-07,Education,201-500,Partner,6,48,11
279,280,2025-03-01,Trial,2025-03-01,2025-03-15,,Churned,2025-03-25,Education,51-200,Organic,10,9,3
280,281,2024-06-26,Trial,2024-06-26,2024-07-10,,Churned,2024-07-18,Finance,11-50,Partner,8,26,6
281,282,2024-01-17,Trial,2024-01-17,2024-01-31,,Churned,2024-02-25,Finance,11-50,Event,12,3,1
282,283,2024-05-15,Trial,2024-05-15,2024-05-29,,Churned,2024-06-20,Finance,1-10,Event,9,20,5
283,284,2024-04-24,Trial,2024-04-24,2024-05-08,,Churned,2025-01-09,Retail,1-10,Paid Ads,5,27,7
284,285,2024-06-01,Trial,2024-06-01,2024-06-15,,Churned,2024-07-28,Finance,1-10,Paid Ads,7,23,6
285,286,2024-04-29,Trial,2024-04-29,2024-05-13,2024-05-14,Pro,2024-11-26,Finance,500+,Event,9,18,5
286,287,2024-10-25,Paid,2024-10-25,2024-11-08,2024-10-25,Cancelled,2025-08-21,Retail,51-200,Paid Ads,11,45,11
287,288,2025-11-23,Free,2025-11-23,2025-12-07,2026-04-25,Cancelled,2026-01-24,Retail,11-50,Organic,8,47,11
288,289,2025-05-30,Trial,2025-05-30,2025-06-13,,Churned,2025-06-18,Finance,11-50,Paid Ads,7,22,6
289,290,2025-03-10,Trial,2025-03-10,2025-03-24,,Churned,2025-05-06,Retail,500+,Organic,9,11,3
290,291,2025-02-10,Trial,2025-02-10,2025-02-24,2052-06-27,Free,2025-02-28,Education,1-10,Event,6,7,2
291,292,2024-09-28,Paid,2024-09-28,2024-10-12,2024-09-28,Churned,2025-07-16,Finance,201-500,Organic,14,39,9
292,293,2025-07-23,Free,2025-07-23,2025-08-06,2026-02-05,Churned,2026-02-19,Tech,1-10,Referral,7,34,8
293,294,2025-10-08,Free,2025-10-08,2025-10-22,2026-03-18,Churned,2026-06-13,Healthcare,201-500,Paid Ads,17,41,10
294,295,2024-08-24,Free,2024-08-24,2024-09-07,2025-03-11,Free,2024-10-09,Finance,1-10,Organic,6,36,9
295,296,2024-12-24,Trial,2024-12-24,2025-01-07,,Churned,2025-01-19,Healthcare,51-200,Referral,10,1,12
296,297,2025-11-11,Paid,2025-11-11,2025-11-25,2025-11-11,Cancelled,2026-02-19,Tech,500+,Organic,9,46,11
297,298,2024-07-03,Trial,2024-07-03,2024-07-17,,Churned,2024-08-23,Healthcare,11-50,Partner,11,27,7
298,299,2025-02-25,Trial,2025-02-25,2025-03-11,,Churned,2025-04-24,Finance,11-50,Organic,7,9,3
299,300,2025-03-19,Paid,2025-03-19,2025-04-02,2025-03-19,Basic,2025-07-02,Tech,500+,Partner,15,12,3
300,301,2025-01-18,Trial,2025-01-18,2025-02-01,,Churned,2025-02-04,Retail,51-200,Referral,9,3,1
301,302,2025-09-22,Trial,2025-09-22,2025-10-06,,Churned,2026-06-01,Retail,11-50,Event,10,39,9
302,303,2025-04-05,Paid,2025-04-05,2025-04-19,2025-04-05,Basic,2025-10-30,Finance,201-500,Event,9,17,4
303,304,2025-04-19,Trial,2025-04-19,2025-05-03,,Churned,2025-05-29,Education,51-200,Organic,12,17,4
304,305,2024-05-31,Free,2024-05-31,2024-06-14,2024-10-30,Churned,2024-11-20,Finance,51-200,Event,10,23,6
305,306,2024-05-04,Free,2024-05-04,2024-05-18,2024-10-21,Churned,2024-12-13,Tech,51-200,Referral,10,21,5
306,307,2025-08-05,Free,2025-08-05,2025-08-19,2025-11-20,Cancelled,2026-01-02,Tech,201-500,Paid Ads,14,33,8
307,308,2025-03-16,Trial,2025-03-16,2025-03-30,,Churned,2025-11-29,Retail,51-200,Event,12,25,6
308,309,2025-07-15,Trial,2025-07-15,2025-07-29,,Churned,2025-08-10,Tech,51-200,Partner,9,29,7
309,310,2025-03-03,Trial,2025-03-03,2025-03-17,,Churned,2025-11-15,Retail,500+,Referral,12,13,3
310,311,2024-11-29,Trial,2024-11-29,2024-12-13,2052-04-15,Cancelled,2025-01-02,Education,201-500,Paid Ads,15,48,11
311,312,2024-06-04,Free,2024-06-04,2024-06-18,2024-11-18,Free,2024-12-26,Retail,11-50,Organic,10,23,6
312,313,2025-12-27,Paid,2025-12-27,2026-01-10,2025-12-27,Pro,2026-06-15,Retail,201-500,Partner,4,52,12
313,314,2025-12-06,Free,2025-12-06,2025-12-20,2026-04-17,Churned,2026-05-08,Tech,500+,Referral,9,49,12
314,315,2024-09-09,Paid,2024-09-09,2024-09-23,2024-09-09,Cancelled,2024-12-22,Education,201-500,Partner,8,37,9
315,316,2025-01-14,Trial,2025-01-14,2025-01-28,,Churned,2025-02-10,Tech,201-500,Event,9,3,1
316,317,2025-04-25,Free,2025-04-25,2025-05-09,2025-09-15,Churned,2025-07-04,Retail,201-500,Paid Ads,7,17,4
317,318,2025-04-01,Trial,2025-04-01,2025-04-15,,Churned,2026-01-03,Tech,500+,Event,10,19,5
318,319,2025-07-01,Free,2025-07-01,2025-07-15,2025-10-20,Cancelled,2025-08-01,Healthcare,1-10,Event,12,27,7
319,320,2024-09-04,Trial,2024-09-04,2024-09-18,,Churned,2024-09-29,Retail,1-10,Organic,6,36,9
320,321,2024-08-15,Paid,2024-08-15,2024-08-29,2024-08-15,Cancelled,2025-06-23,Tech,201-500,Organic,4,40,10
321,322,2024-10-05,Trial,2024-10-05,2024-10-19,2024-10-26,Pro,2025-07-30,Finance,51-200,Paid Ads,13,42,10
322,323,2025-06-10,Paid,2025-06-10,2025-06-24,2025-06-10,Pro,2026-03-08,Finance,51-200,Partner,9,26,6
323,324,2025-09-16,Free,2025-09-16,2025-09-30,2026-02-25,Free,2025-12-02,Education,201-500,Paid Ads,15,38,9
324,325,2024-04-09,Trial,2024-04-09,2024-04-23,,Churned,2024-05-04,Healthcare,500+,Paid Ads,8,15,4
325,326,2025-04-14,Trial,2025-04-14,2025-04-28,2052-08-29,Free,2025-05-04,Retail,201-500,Organic,9,16,4
326,327,2024-06-15,Trial,2024-06-15,2024-06-29,,Churned,2024-07-14,Tech,500+,Event,10,24,6
327,328,2024-12-12,Trial,2024-12-12,2024-12-26,,Churned,2025-02-03,Healthcare,11-50,Referral,7,50,12
328,329,2025-05-05,Trial,2025-05-05,2025-05-19,,Churned,2025-06-13,Tech,1-10,Paid Ads,12,19,5
329,330,2025-04-24,Paid,2025-04-24,2025-05-08,2025-04-24,Pro,2026-04-02,Tech,1-10,Event,10,21,5
330,331,2024-07-12,Free,2024-07-12,2024-07-26,2024-11-09,Free,2025-04-16,Tech,201-500,Referral,15,30,7
331,332,2025-10-27,Trial,2025-10-27,2025-11-10,,Churned,2025-12-05,Tech,51-200,Referral,16,44,10
332,333,2024-01-30,Trial,2024-01-30,2024-02-13,,Churned,2024-03-30,Tech,51-200,Event,7,6,2
333,334,2025-07-22,Trial,2025-07-22,2025-08-05,2052-12-06,Free,2025-08-30,Tech,201-500,Paid Ads,16,30,7
334,335,2025-12-23,Trial,2025-12-23,2026-01-06,,Churned,2026-02-15,Tech,201-500,Partner,6,52,12
335,336,2025-10-03,Free,2025-10-03,2025-10-17,2026-01-30,Churned,2026-01-18,Retail,201-500,Paid Ads,9,46,11
336,337,2025-12-05,Free,2025-12-05,2025-12-19,2026-04-12,Cancelled,2026-02-14,Finance,500+,Referral,7,49,12
337,338,2024-12-22,Trial,2024-12-22,2025-01-05,2052-05-08,Cancelled,2025-01-20,Finance,11-50,Referral,10,52,12
338,339,2024-03-06,Free,2024-03-06,2024-03-20,2024-09-03,Churned,2024-11-28,Finance,1-10,Event,5,10,3
339,340,2025-06-15,Free,2025-06-15,2025-06-29,2025-12-23,Cancelled,2026-04-09,Education,500+,Organic,13,25,6
340,341,2025-09-27,Trial,2025-09-27,2025-10-11,,Churned,2025-10-12,Tech,11-50,Partner,4,39,9
341,342,2025-01-26,Trial,2025-01-26,2025-02-09,,Churned,2025-03-17,Healthcare,11-50,Organic,4,5,1
342,343,2025-11-02,Free,2025-11-02,2025-11-16,2026-03-04,Cancelled,2026-01-14,Retail,51-200,Paid Ads,7,46,11
343,344,2024-09-22,Paid,2024-09-22,2024-10-06,2024-09-22,Churned,2025-05-28,Education,1-10,Organic,13,40,9
344,345,2024-09-01,Trial,2024-09-01,2024-09-15,,Churned,2025-05-11,Tech,11-50,Event,6,35,9
345,346,2024-09-12,Trial,2024-09-12,2024-09-26,,Churned,2024-11-05,Tech,11-50,Referral,10,37,9
346,347,2025-10-10,Trial,2025-10-10,2025-10-24,,Churned,2025-11-12,Finance,500+,Event,8,41,10
347,348,2025-07-16,Free,2025-07-16,2025-07-30,2025-12-13,Free,2025-10-15,Retail,201-500,Paid Ads,10,29,7
348,349,2025-05-28,Free,2025-05-28,2025-06-11,2025-10-04,Free,2025-10-18,Education,1-10,Referral,12,22,5
349,350,2025-08-31,Trial,2025-08-31,2025-09-14,,Churned,2025-09-21,Retail,11-50,Organic,8,36,9
350,351,2024-09-18,Free,2024-09-18,2024-10-02,2025-03-06,Free,2025-05-27,Retail,51-200,Organic,11,43,10
351,352,2025-04-10,Trial,2025-04-10,2025-04-24,,Churned,2025-05-06,Finance,201-500,Partner,10,15,4
352,353,2025-03-07,Trial,2025-03-07,2025-03-21,,Churned,2025-04-04,Education,500+,Paid Ads,6,11,3
353,354,2025-08-09,Free,2025-08-09,2025-08-23,2026-02-06,Churned,2026-04-22,Healthcare,51-200,Referral,4,33,8
354,355,2024-08-05,Trial,2024-08-05,2024-08-19,,Churned,2024-09-05,Retail,51-200,Partner,11,32,8
355,356,2025-08-10,Trial,2025-08-10,2025-08-24,,Churned,2025-09-30,Healthcare,11-50,Paid Ads,7,33,8
356,357,2024-12-29,Free,2024-12-29,2025-01-12,2025-05-13,Cancelled,2025-10-19,Retail,51-200,Event,12,2,1
357,358,2025-05-08,Trial,2025-05-08,2025-05-22,2052-09-22,Cancelled,2025-06-22,Finance,51-200,Paid Ads,15,19,5
358,359,2025-04-08,Trial,2025-04-08,2025-04-22,,Churned,2025-04-26,Tech,1-10,Organic,10,15,4
359,360,2024-12-18,Trial,2024-12-18,2025-01-01,,Churned,2025-02-11,Tech,500+,Partner,10,51,12
360,361,2025-09-13,Paid,2025-09-13,2025-09-27,2025-09-13,Cancelled,2026-02-08,Tech,51-200,Event,5,38,9
361,362,2024-10-21,Free,2024-10-21,2024-11-04,2025-04-24,Churned,2025-05-17,Retail,500+,Partner,13,45,11
362,363,2024-01-21,Trial,2024-01-21,2024-02-04,,Churned,2024-02-05,Education,11-50,Partner,8,3,1
363,364,2024-07-20,Paid,2024-07-20,2024-08-03,2024-07-20,Cancelled,2025-05-22,Tech,1-10,Paid Ads,13,30,7
364,365,2025-09-15,Paid,2025-09-15,2025-09-29,2025-09-15,Pro,2026-02-15,Tech,1-10,Event,8,42,10
365,366,2025-02-14,Trial,2025-02-14,2025-02-28,,Churned,2025-11-26,Finance,201-500,Partner,9,10,3
366,367,2024-01-26,Paid,2024-01-26,2024-02-09,2024-01-26,Basic,2024-10-26,Tech,500+,Partner,8,9,2
367,368,2025-07-11,Trial,2025-07-11,2025-07-25,,Churned,2025-07-31,Education,11-50,Event,6,29,7
368,369,2024-08-25,Trial,2024-08-25,2024-09-08,,Churned,2025-06-20,Education,11-50,Partner,13,34,8
369,370,2025-07-03,Trial,2025-07-03,2025-07-17,,Churned,2025-07-25,Healthcare,1-10,Organic,11,27,7
370,371,2025-02-27,Trial,2025-02-27,2025-03-13,,Churned,2025-04-15,Finance,201-500,Event,13,10,3
371,372,2024-11-30,Paid,2024-11-30,2024-12-14,2024-11-30,Churned,2025-05-04,Education,500+,Event,7,48,11
372,373,2024-02-17,Paid,2024-02-17,2024-03-02,2024-02-17,Basic,2024-07-01,Retail,500+,Organic,6,12,3
373,374,2025-09-23,Free,2025-09-23,2025-10-07,2026-03-29,Cancelled,2026-03-12,Retail,1-10,Event,11,39,9
374,375,2025-09-04,Trial,2025-09-04,2025-09-18,,Churned,2026-06-28,Healthcare,201-500,Organic,6,41,10
375,376,2025-03-31,Trial,2025-03-31,2025-04-14,,Churned,2025-05-09,Retail,500+,Event,9,14,4
376,377,2024-09-12,Paid,2024-09-12,2024-09-26,2024-09-12,Churned,2025-03-13,Retail,201-500,Event,7,38,9
377,378,2025-06-20,Free,2025-06-20,2025-07-04,2025-12-02,Cancelled,2025-10-01,Retail,11-50,Organic,8,26,6
378,379,2024-06-07,Paid,2024-06-07,2024-06-21,2024-06-07,Cancelled,2024-09-04,Tech,51-200,Referral,5,23,6
379,380,2024-11-12,Trial,2024-11-12,2024-11-26,,Churned,2025-01-11,Education,51-200,Partner,6,46,11
380,381,2025-01-23,Free,2025-01-23,2025-02-06,2025-05-17,Free,2025-04-25,Education,11-50,Organic,13,4,1
381,382,2024-04-27,Free,2024-04-27,2024-05-11,2024-08-07,Churned,2024-11-19,Retail,500+,Partner,14,21,5
382,383,2024-06-23,Trial,2024-06-23,2024-07-07,,Churned,2024-08-15,Retail,11-50,Partner,8,26,6
383,384,2025-05-08,Trial,2025-05-08,2025-05-22,2052-09-22,Free,2025-06-25,Healthcare,500+,Referral,12,19,5
384,385,2024-09-08,Trial,2024-09-08,2024-09-22,,Churned,2024-10-31,Retail,11-50,Paid Ads,9,37,9
385,386,2025-07-17,Trial,2025-07-17,2025-07-31,2052-12-01,Cancelled,2025-08-11,Healthcare,500+,Event,10,29,7
386,387,2024-01-15,Paid,2024-01-15,2024-01-29,2024-01-15,Churned,2024-08-13,Education,1-10,Organic,6,7,2
387,388,2025-01-06,Free,2025-01-06,2025-01-20,2025-06-03,Free,2025-10-07,Finance,201-500,Paid Ads,4,13,3
388,389,2024-03-11,Free,2024-03-11,2024-03-25,2024-07-02,Cancelled,2024-07-11,Finance,11-50,Event,6,11,3
389,390,2024-06-27,Free,2024-06-27,2024-07-11,2024-12-20,Cancelled,2024-10-04,Tech,201-500,Organic,8,27,7
390,391,2025-04-11,Trial,2025-04-11,2025-04-25,,Churned,2025-05-02,Education,1-10,Event,9,15,4
391,392,2024-04-20,Free,2024-04-20,2024-05-04,2024-08-04,Free,2024-08-31,Education,201-500,Partner,10,17,4
392,393,2025-02-03,Free,2025-02-03,2025-02-17,2025-06-09,Free,2025-10-20,Healthcare,500+,Referral,12,10,3
393,394,2025-07-29,Trial,2025-07-29,2025-08-12,,Churned,2025-08-25,Retail,51-200,Referral,9,32,8
394,395,2024-08-06,Trial,2024-08-06,2024-08-20,,Churned,2024-10-03,Finance,1-10,Paid Ads,6,32,8
395,396,2024-02-11,Trial,2024-02-11,2024-02-25,,Churned,2024-04-02,Healthcare,1-10,Partner,7,7,2
396,397,2025-07-10,Trial,2025-07-10,2025-07-24,,Churned,2025-09-05,Tech,51-200,Referral,12,28,7
397,398,2025-07-09,Trial,2025-07-09,2025-07-23,,Churned,2025-08-24,Retail,201-500,Referral,4,28,7
398,399,2025-05-28,Trial,2025-05-28,2025-06-11,,Churned,2025-06-17,Retail,500+,Event,3,22,5
399,400,2024-03-26,Trial,2024-03-26,2024-04-09,,Churned,2024-05-03,Retail,51-200,Partner,7,14,4
400,401,2025-04-28,Free,2025-04-28,2025-05-12,2025-10-25,Free,2025-06-08,Education,201-500,Referral,8,18,5
401,402,2025-02-21,Trial,2025-02-21,2025-03-07,,Churned,2025-03-31,Finance,201-500,Paid Ads,7,9,2
402,403,2025-02-10,Trial,2025-02-10,2025-02-24,,Churned,2025-04-07,Finance,1-10,Partner,6,7,2
403,404,2024-04-19,Free,2024-04-19,2024-05-03,2024-10-27,Free,2024-12-02,Finance,201-500,Referral,5,36,9
404,405,2025-01-17,Trial,2025-01-17,2025-01-31,2052-06-03,Churned,2025-02-07,Tech,51-200,Referral,9,3,1
405,406,2024-10-14,Paid,2024-10-14,2024-10-28,2024-10-14,Pro,2025-08-19,Education,11-50,Organic,7,44,11
406,407,2024-12-24,Trial,2024-12-24,2025-01-07,,Churned,2025-02-17,Tech,201-500,Paid Ads,8,52,12
407,408,2025-03-29,Trial,2025-03-29,2025-04-12,,Churned,2025-04-15,Healthcare,1-10,Partner,9,13,3
408,409,2024-11-13,Trial,2024-11-13,2024-11-27,,Churned,2024-12-05,Healthcare,500+,Organic,6,46,11
409,410,2024-02-28,Trial,2024-02-28,2024-03-13,,Churned,2024-04-11,Finance,500+,Paid Ads,10,9,3
410,411,2025-06-14,Free,2025-06-14,2025-06-28,2025-10-09,Free,2025-12-15,Healthcare,201-500,Referral,9,26,6
411,412,2024-05-24,Trial,2024-05-24,2024-06-07,,Churned,2025-01-09,Healthcare,51-200,Event,15,25,6
412,413,2025-03-13,Free,2025-03-13,2025-03-27,2025-07-28,Free,2025-05-29,Retail,201-500,Event,7,14,4
413,414,2024-10-23,Trial,2024-10-23,2024-11-06,,Churned,2024-11-29,Healthcare,51-200,Partner,8,43,10
414,415,2025-04-28,Trial,2025-04-28,2025-05-12,,Churned,2025-06-14,Education,201-500,Paid Ads,16,18,5
415,416,2024-02-26,Free,2024-02-26,2024-03-11,2024-07-26,Cancelled,2024-05-29,Finance,11-50,Paid Ads,7,9,3
416,417,2024-10-28,Trial,2024-10-28,2024-11-11,,Churned,2024-11-14,Education,1-10,Paid Ads,9,44,10
417,418,2024-11-05,Trial,2024-11-05,2024-11-19,,Churned,2024-12-04,Retail,1-10,Referral,4,46,11
418,419,2025-06-22,Free,2025-06-22,2025-07-06,2025-12-17,Churned,2025-10-20,Education,201-500,Paid Ads,7,26,6
419,420,2025-12-30,Trial,2025-12-30,2026-01-13,,Churned,2026-08-05,Education,500+,Paid Ads,1,1,12
420,421,2024-05-02,Trial,2024-05-02,2024-05-16,,Churned,2024-05-19,Education,201-500,Referral,8,18,5
421,422,2024-04-01,Free,2024-04-01,2024-04-15,2024-07-28,Churned,2024-06-30,Tech,51-200,Event,11,17,4
422,423,2025-04-18,Trial,2025-04-18,2025-05-02,,Churned,2025-05-08,Finance,201-500,Organic,8,16,4
423,424,2024-07-26,Paid,2024-07-26,2024-08-09,2024-07-26,Churned,2025-04-09,Tech,201-500,Partner,7,35,8
424,425,2025-08-27,Trial,2025-08-27,2025-09-10,,Churned,2025-09-27,Education,201-500,Event,12,35,8
425,426,2024-08-12,Trial,2024-08-12,2024-08-26,,Churned,2024-09-15,Education,11-50,Partner,9,33,8
426,427,2024-01-18,Trial,2024-01-18,2024-02-01,,Churned,2024-02-20,Retail,51-200,Paid Ads,8,4,1
427,428,2025-02-21,Trial,2025-02-21,2025-03-07,2052-07-08,Churned,2025-04-01,Finance,1-10,Referral,10,9,2
428,429,2024-02-10,Paid,2024-02-10,2024-02-24,2024-02-10,Pro,2024-12-30,Tech,500+,Paid Ads,11,17,4
429,430,2024-10-07,Free,2024-10-07,2024-10-21,2025-04-24,Churned,2025-05-31,Finance,500+,Paid Ads,6,44,10
430,431,2025-12-14,Trial,2025-12-14,2025-12-28,,Churned,2026-01-06,Finance,500+,Event,9,51,12
431,432,2025-06-14,Free,2025-06-14,2025-06-28,2025-12-15,Free,2025-09-05,Healthcare,201-500,Referral,8,26,6
432,433,2025-12-02,Trial,2025-12-02,2025-12-16,,Churned,2026-01-04,Tech,201-500,Referral,7,49,12
433,434,2025-12-19,Trial,2025-12-19,2026-01-02,,Churned,2026-02-01,Education,51-200,Paid Ads,8,51,12
434,435,2025-03-12,Free,2025-03-12,2025-03-26,2025-07-21,Free,2025-11-23,Finance,1-10,Paid Ads,8,20,5
435,436,2025-01-28,Trial,2025-01-28,2025-02-11,,Churned,2025-03-10,Finance,51-200,Referral,12,5,1
436,437,2025-09-04,Trial,2025-09-04,2025-09-18,,Churned,2025-09-25,Healthcare,500+,Event,5,36,9
437,438,2024-11-15,Free,2024-11-15,2024-11-29,2025-04-02,Free,2025-04-09,Retail,500+,Event,12,47,11
438,439,2025-05-20,Trial,2025-05-20,2025-06-03,2052-10-04,Free,2025-07-13,Healthcare,51-200,Organic,11,23,6
439,440,2024-04-13,Free,2024-04-13,2024-04-27,2024-09-07,Free,2025-01-06,Tech,11-50,Referral,10,23,6
440,441,2024-10-14,Trial,2024-10-14,2024-10-28,,Churned,2024-11-13,Finance,1-10,Event,10,42,10
441,442,2025-07-29,Trial,2025-07-29,2025-08-12,2052-12-13,Cancelled,2025-08-20,Education,51-200,Partner,5,31,8
442,443,2024-09-13,Trial,2024-09-13,2024-09-27,,Churned,2025-05-09,Retail,1-10,Organic,6,38,9
443,444,2024-01-25,Trial,2024-01-25,2024-02-08,,Churned,2024-03-04,Retail,11-50,Organic,9,5,1
444,445,2024-12-17,Trial,2024-12-17,2024-12-31,,Churned,2025-01-28,Education,500+,Event,9,51,12
445,446,2024-04-09,Free,2024-04-09,2024-04-23,2024-09-22,Free,2024-06-06,Finance,500+,Paid Ads,14,16,4
446,447,2024-05-23,Paid,2024-05-23,2024-06-06,2024-05-23,Churned,2024-12-29,Tech,201-500,Paid Ads,15,22,5
447,448,2025-12-07,Trial,2025-12-07,2025-12-21,,Churned,2025-12-28,Education,51-200,Partner,5,51,12
448,449,2025-10-27,Free,2025-10-27,2025-11-10,2026-03-15,Free,2025-12-22,Healthcare,11-50,Paid Ads,13,44,10
449,450,2024-03-17,Free,2024-03-17,2024-03-31,2024-08-04,Free,2024-08-19,Education,51-200,Partner,5,13,3
450,451,2025-06-09,Free,2025-06-09,2025-06-23,2025-12-19,Cancelled,2025-12-17,Education,500+,Partner,11,24,6
451,452,2024-03-27,Trial,2024-03-27,2024-04-10,,Churned,2024-05-03,Tech,51-200,Partner,7,13,3
452,453,2025-04-27,Trial,2025-04-27,2025-05-11,,Churned,2025-11-16,Healthcare,11-50,Organic,10,18,4
453,454,2024-12-25,Free,2024-12-25,2025-01-08,2025-05-27,Free,2025-03-15,Retail,11-50,Event,15,52,12
454,455,2024-05-22,Trial,2024-05-22,2024-06-05,2024-06-11,Pro,2025-02-21,Retail,201-500,Paid Ads,8,27,7
455,456,2024-05-28,Trial,2024-05-28,2024-06-11,,Churned,2024-06-27,Healthcare,201-500,Partner,7,22,5
456,457,2025-03-30,Paid,2025-03-30,2025-04-13,2025-03-30,Cancelled,2025-10-11,Education,51-200,Partner,8,15,4
457,458,2024-03-15,Trial,2024-03-15,2024-03-29,,Churned,2024-04-26,Education,201-500,Partner,9,11,3
458,459,2024-06-30,Trial,2024-06-30,2024-07-14,2051-11-15,Cancelled,2024-08-19,Tech,11-50,Partner,9,27,7
459,460,2024-05-11,Free,2024-05-11,2024-05-25,2024-10-19,Churned,2024-08-25,Healthcare,201-500,Event,6,20,5
460,461,2025-03-16,Trial,2025-03-16,2025-03-30,,Churned,2025-04-27,Retail,500+,Paid Ads,8,11,3
461,462,2024-03-16,Free,2024-03-16,2024-03-30,2024-07-17,Free,2024-05-26,Tech,500+,Organic,10,12,3
462,463,2025-04-14,Free,2025-04-14,2025-04-28,2025-08-14,Churned,2026-01-22,Healthcare,500+,Referral,8,18,4
463,464,2024-11-29,Trial,2024-11-29,2024-12-13,2052-04-15,Free,2025-01-05,Education,500+,Paid Ads,14,49,12
464,465,2024-02-23,Trial,2024-02-23,2024-03-08,2051-07-10,Cancelled,2024-04-23,Tech,500+,Event,9,8,2
465,466,2024-10-06,Trial,2024-10-06,2024-10-20,2024-10-22,Pro,2025-05-14,Education,500+,Referral,6,42,10
466,467,2024-12-30,Trial,2024-12-30,2025-01-13,,Churned,2025-02-15,Tech,11-50,Paid Ads,10,1,12
467,468,2025-10-14,Free,2025-10-14,2025-10-28,2026-01-22,Free,2025-12-10,Tech,500+,Event,8,42,10
468,469,2025-04-03,Trial,2025-04-03,2025-04-17,,Churned,2025-05-23,Retail,201-500,Referral,8,14,4
469,470,2025-11-25,Trial,2025-11-25,2025-12-09,,Churned,2026-01-17,Education,500+,Referral,14,48,11
470,471,2024-04-02,Trial,2024-04-02,2024-04-16,,Churned,2024-04-25,Retail,500+,Partner,9,14,4
471,472,2025-07-10,Free,2025-07-10,2025-07-24,2025-11-03,Churned,2026-03-07,Education,51-200,Referral,10,29,7
472,473,2025-08-28,Free,2025-08-28,2025-09-11,2025-12-06,Cancelled,2026-05-22,Education,500+,Organic,14,35,8
473,474,2025-08-30,Free,2025-08-30,2025-09-13,2026-03-07,Free,2026-01-03,Finance,11-50,Partner,8,35,8
474,475,2025-10-17,Trial,2025-10-17,2025-10-31,2053-03-03,Churned,2025-11-13,Finance,11-50,Event,13,42,10
475,476,2025-10-30,Trial,2025-10-30,2025-11-13,,Churned,2025-12-03,Retail,500+,Organic,11,44,10
476,477,2025-10-24,Trial,2025-10-24,2025-11-07,,Churned,2025-11-23,Finance,51-200,Event,10,43,10
477,478,2024-05-07,Paid,2024-05-07,2024-05-21,2024-05-07,Churned,2024-11-07,Education,201-500,Paid Ads,12,22,5
478,479,2025-06-05,Trial,2025-06-05,2025-06-19,,Churned,2025-07-11,Retail,51-200,Organic,10,23,6
479,480,2025-05-09,Trial,2025-05-09,2025-05-23,,Churned,2025-06-20,Retail,201-500,Partner,8,19,5
480,481,2024-10-01,Trial,2024-10-01,2024-10-15,,Churned,2024-11-22,Finance,201-500,Referral,10,42,10
481,482,2025-04-25,Trial,2025-04-25,2025-05-09,,Churned,2025-12-10,Healthcare,11-50,Paid Ads,8,32,8
482,483,2025-03-09,Trial,2025-03-09,2025-03-23,,Churned,2025-04-06,Healthcare,1-10,Paid Ads,10,11,3
483,484,2024-05-19,Trial,2024-05-19,2024-06-02,2024-06-03,Pro,2025-03-02,Tech,500+,Paid Ads,12,22,5
484,485,2024-05-04,Paid,2024-05-04,2024-05-18,2024-05-04,Churned,2024-07-20,Tech,51-200,Event,8,18,5
485,486,2025-01-17,Trial,2025-01-17,2025-01-31,,Churned,2025-03-03,Finance,201-500,Partner,9,3,1
486,487,2025-09-09,Free,2025-09-09,2025-09-23,2026-01-10,Churned,2026-01-04,Healthcare,51-200,Event,5,46,11
487,488,2024-09-14,Free,2024-09-14,2024-09-28,2025-03-02,Cancelled,2025-03-01,Tech,11-50,Partner,8,44,10
488,489,2024-03-02,Free,2024-03-02,2024-03-16,2024-06-21,Free,2024-05-27,Healthcare,51-200,Event,8,11,3
489,490,2024-07-08,Trial,2024-07-08,2024-07-22,,Churned,2024-08-10,Finance,1-10,Event,8,28,7
490,491,2024-10-30,Trial,2024-10-30,2024-11-13,2052-03-16,Churned,2024-11-16,Finance,201-500,Partner,9,44,10
491,492,2024-06-14,Free,2024-06-14,2024-06-28,2024-11-23,Free,2024-12-23,Retail,201-500,Paid Ads,9,24,6
492,493,2024-11-24,Trial,2024-11-24,2024-12-08,,Churned,2025-01-02,Finance,11-50,Organic,6,50,12
493,494,2024-11-19,Paid,2024-11-19,2024-12-03,2024-11-19,Churned,2025-08-25,Education,11-50,Event,10,47,11
494,495,2025-12-22,Free,2025-12-22,2026-01-05,2026-05-13,Free,2026-07-23,Tech,500+,Paid Ads,6,52,12
495,496,2025-03-03,Trial,2025-03-03,2025-03-17,,Churned,2025-03-27,Education,500+,Organic,9,10,3
496,497,2024-07-05,Trial,2024-07-05,2024-07-19,,Churned,2025-03-16,Tech,1-10,Paid Ads,11,29,7
497,498,2024-05-03,Trial,2024-05-03,2024-05-17,,Churned,2024-05-20,Finance,500+,Event,8,18,5
498,499,2025-06-16,Trial,2025-06-16,2025-06-30,,Churned,2025-08-05,Education,201-500,Event,7,25,6
499,500,2025-07-19,Trial,2025-07-19,2025-08-02,,Churned,2025-08-06,Tech,500+,Organic,2,29,7
